기준연도,기준월,자치구,매매가,전세가,월세가
2018,1,종로구,602125,431250,1459
2018,2,종로구,607646,433333,1459
2018,3,종로구,611500,435313,1459
2018,4,종로구,615833,436354,1459
2018,5,종로구,619167,437604,1457
2018,6,종로구,622708,440417,1448
2018,7,종로구,626417,442458,1443
2018,8,종로구,631021,442813,1443
2018,9,종로구,637167,445292,1443
2018,10,종로구,642313,445875,1445
2018,11,종로구,643875,447438,1445
2018,12,종로구,644083,446604,1445
2019,1,종로구,710411,467054,1462
2019,2,종로구,709786,465804,1457
2019,3,종로구,709661,461964,1457
2019,4,종로구,709554,460179,1457
2019,5,종로구,709214,459196,1457
2019,6,종로구,709250,459018,1457
2019,7,종로구,709250,458643,1458
2019,8,종로구,709679,458911,1458
2019,9,종로구,711357,459732,1458
2019,10,종로구,713732,460518,1459
2019,11,종로구,715696,461661,1455
2019,12,종로구,720375,463339,1456
2020,1,종로구,1022319,586403,1538
2020,2,종로구,1023083,587125,1539
2020,3,종로구,1023917,588306,1541
2020,4,종로구,1023250,588917,1541
2020,5,종로구,1021861,589361,1542
2020,6,종로구,1022514,590625,1543
2020,7,종로구,1029542,592292,1543
2020,8,종로구,1033625,592708,1543
2020,9,종로구,1036486,593597,1543
2020,10,종로구,1036681,594347,1544
2020,11,종로구,1037986,595569,1545
2020,12,종로구,1039903,599639,1552
2021,1,종로구,1041444,602222,1554
2021,2,종로구,1044347,603417,1555
2021,3,종로구,1045819,603778,1555
2021,4,종로구,1047819,604278,1555
2021,5,종로구,1048722,604417,1555
2021,6,종로구,1050750,604847,1548
2021,7,종로구,986488,615663,1247
2021,8,종로구,993400,620913,1254
2021,9,종로구,1000450,625763,1264
2021,10,종로구,1010325,631013,1263
2021,11,종로구,1019263,635275,1278
2021,12,종로구,1020950,636475,1281
2022,1,종로구,1020513,636363,1283
2022,2,종로구,1018100,634475,1286
2022,3,종로구,1016508,633859,1288
2022,4,종로구,1015970,633104,1295
2022,5,종로구,1015670,632641,1296
2022,6,종로구,1014683,631054,1292
2022,7,종로구,1010645,629541,1293
2022,8,종로구,1002308,625679,1296
2022,9,종로구,990920,619304,1299
2022,10,종로구,977845,611004,1297
2022,11,종로구,962933,599279,1296
2022,12,종로구,937788,580996,1296
2023,1,종로구,913802,562009,1281
2023,2,종로구,905123,548885,1272
2023,3,종로구,896901,536317,1261
2023,4,종로구,893358,531836,1259
2023,5,종로구,891642,530848,1258
2023,6,종로구,891599,531256,1259
2023,7,종로구,892493,531522,1262
2023,8,종로구,894653,532498,1266
2023,9,종로구,900209,535979,1269
2023,10,종로구,904562,538510,1276
2023,11,종로구,905864,540670,1279
2023,12,종로구,905173,541016,1280
2024,1,종로구,903061,541394,1289
2024,2,종로구,903002,541565,1294
2024,3,종로구,903624,542455,1297
2018,1,중구,623017,470533,1518
2018,2,중구,631950,473283,1518
2018,3,중구,640967,474283,1518
2018,4,중구,646217,474033,1518
2018,5,중구,651383,473950,1518
2018,6,중구,655550,473783,1518
2018,7,중구,661633,474283,1518
2018,8,중구,670733,476117,1518
2018,9,중구,682467,478867,1518
2018,10,중구,688617,481517,1526
2018,11,중구,691400,481767,1526
2018,12,중구,692683,481633,1526
2019,1,중구,775667,491750,1542
2019,2,중구,773200,490300,1542
2019,3,중구,771283,488767,1541
2019,4,중구,769767,488167,1541
2019,5,중구,768983,487567,1541
2019,6,중구,768583,487150,1541
2019,7,중구,768833,486467,1541
2019,8,중구,770233,486100,1541
2019,9,중구,771567,486600,1540
2019,10,중구,776133,487550,1540
2019,11,중구,780283,488433,1540
2019,12,중구,783633,489450,1539
2020,1,중구,795743,487586,1554
2020,2,중구,796557,488814,1554
2020,3,중구,797357,489393,1554
2020,4,중구,796986,489493,1554
2020,5,중구,796157,489507,1553
2020,6,중구,796086,489671,1553
2020,7,중구,802257,490671,1553
2020,8,중구,806143,492571,1553
2020,9,중구,807771,493957,1553
2020,10,중구,808743,495257,1553
2020,11,중구,809900,496900,1555
2020,12,중구,812157,500329,1558
2021,1,중구,814614,502343,1559
2021,2,중구,820100,503729,1559
2021,3,중구,822257,504443,1559
2021,4,중구,823314,504643,1559
2021,5,중구,824371,504757,1559
2021,6,중구,829486,505186,1559
2021,7,중구,1055520,644880,1575
2021,8,중구,1062180,648960,1580
2021,9,중구,1069810,653480,1586
2021,10,중구,1079570,660290,1595
2021,11,중구,1088060,665520,1607
2021,12,중구,1089582,666730,1608
2022,1,중구,1089782,666600,1612
2022,2,중구,1089122,666100,1613
2022,3,중구,1087792,664350,1616
2022,4,중구,1087422,663290,1618
2022,5,중구,1086812,663130,1619
2022,6,중구,1085282,662700,1621
2022,7,중구,1081042,661180,1625
2022,8,중구,1071484,659260,1630
2022,9,중구,1062295,652510,1635
2022,10,중구,1047665,641890,1638
2022,11,중구,1024874,624100,1644
2022,12,중구,985688,590599,1645
2023,1,중구,974875,575622,1646
2023,2,중구,963031,561650,1644
2023,3,중구,955210,552456,1643
2023,4,중구,950305,546767,1642
2023,5,중구,950437,543927,1642
2023,6,중구,948484,543135,1643
2023,7,중구,949390,543908,1647
2023,8,중구,952701,546192,1650
2023,9,중구,959192,549758,1654
2023,10,중구,963927,552805,1656
2023,11,중구,965541,555258,1657
2023,12,중구,964592,556019,1659
2024,1,중구,957545,553698,1670
2024,2,중구,956937,554240,1672
2024,3,중구,957433,555965,1672
2018,1,용산구,1080385,589103,2058
2018,2,용산구,1107821,590385,2058
2018,3,용산구,1122308,591154,2058
2018,4,용산구,1126141,592179,2058
2018,5,용산구,1129295,592308,2058
2018,6,용산구,1132756,592564,2058
2018,7,용산구,1138654,592308,2058
2018,8,용산구,1157410,593513,2059
2018,9,용산구,1172949,594282,2059
2018,10,용산구,1177103,594654,2059
2018,11,용산구,1176615,592500,2059
2018,12,용산구,1173987,590205,2059
2019,1,용산구,1378500,615303,2084
2019,2,용산구,1374816,611658,2083
2019,3,용산구,1371224,610368,2083
2019,4,용산구,1367276,607829,2083
2019,5,용산구,1365632,606487,2083
2019,6,용산구,1363789,605408,2083
2019,7,용산구,1364605,605145,2083
2019,8,용산구,1366066,605408,2083
2019,9,용산구,1368579,605711,2083
2019,10,용산구,1374658,606974,2083
2019,11,용산구,1383368,609000,2083
2019,12,용산구,1392408,612763,2083
2020,1,용산구,1389939,596085,2047
2020,2,용산구,1392207,597524,2048
2020,3,용산구,1393524,598439,2048
2020,4,용산구,1392439,599439,2048
2020,5,용산구,1389780,599976,2048
2020,6,용산구,1389963,601451,2048
2020,7,용산구,1399354,603268,2048
2020,8,용산구,1406439,605976,2049
2020,9,용산구,1411232,608512,2051
2020,10,용산구,1412659,610951,2052
2020,11,용산구,1413768,613537,2053
2020,12,용산구,1416951,620110,2062
2021,1,용산구,1421012,624805,2067
2021,2,용산구,1427366,627817,2068
2021,3,용산구,1430780,631244,2069
2021,4,용산구,1434768,633085,2070
2021,5,용산구,1439390,634012,2072
2021,6,용산구,1445073,636195,2073
2021,7,용산구,1691671,845874,1872
2021,8,용산구,1707042,852042,1880
2021,9,용산구,1722671,858678,1885
2021,10,용산구,1744636,864552,1888
2021,11,용산구,1762294,870021,1894
2021,12,용산구,1769182,872175,1895
2022,1,용산구,1770601,872538,1897
2022,2,용산구,1769930,872021,1899
2022,3,용산구,1766951,870063,1905
2022,4,용산구,1769734,869056,1905
2022,5,용산구,1773818,869741,1906
2022,6,용산구,1774720,868965,1910
2022,7,용산구,1773671,867937,1911
2022,8,용산구,1772168,865503,1911
2022,9,용산구,1764161,861587,1915
2022,10,용산구,1751811,853287,1915
2022,11,용산구,1728147,830699,1904
2022,12,용산구,1685343,795531,1897
2023,1,용산구,1651897,762719,1884
2023,2,용산구,1644856,747568,1877
2023,3,용산구,1632281,733712,1876
2023,4,용산구,1626904,727384,1874
2023,5,용산구,1629171,725315,1871
2023,6,용산구,1630637,723582,1873
2023,7,용산구,1634692,723747,1877
2023,8,용산구,1644671,727616,1883
2023,9,용산구,1655144,733534,1894
2023,10,용산구,1664897,738281,1903
2023,11,용산구,1671664,744651,1911
2023,12,용산구,1671205,749473,1925
2024,1,용산구,1716093,781656,2075
2024,2,용산구,1714947,783417,2090
2024,3,용산구,1716424,786450,2107
2018,1,성동구,680771,468469,1419
2018,2,성동구,696188,469719,1419
2018,3,성동구,704458,470677,1419
2018,4,성동구,705333,468188,1419
2018,5,성동구,704094,466333,1419
2018,6,성동구,705063,464677,1419
2018,7,성동구,708469,463594,1419
2018,8,성동구,714073,462802,1419
2018,9,성동구,726677,463073,1419
2018,10,성동구,728958,465135,1419
2018,11,성동구,729604,466875,1419
2018,12,성동구,728615,467521,1419
2019,1,성동구,881926,490117,1435
2019,2,성동구,880096,487915,1434
2019,3,성동구,876809,485543,1434
2019,4,성동구,872383,484128,1434
2019,5,성동구,866149,482989,1434
2019,6,성동구,863011,482436,1434
2019,7,성동구,863255,482713,1434
2019,8,성동구,864926,483479,1434
2019,9,성동구,867574,484351,1434
2019,10,성동구,873383,486596,1434
2019,11,성동구,879979,488904,1434
2019,12,성동구,887713,491606,1434
2020,1,성동구,899118,496627,1432
2020,2,성동구,900431,497863,1432
2020,3,성동구,901725,499137,1432
2020,4,성동구,901549,500431,1432
2020,5,성동구,900892,500775,1432
2020,6,성동구,902245,502049,1433
2020,7,성동구,910716,504402,1433
2020,8,성동구,916402,508294,1433
2020,9,성동구,918667,511304,1434
2020,10,성동구,920020,514480,1435
2020,11,성동구,921108,516912,1436
2020,12,성동구,923402,521284,1440
2021,1,성동구,927029,524843,1446
2021,2,성동구,934049,527559,1447
2021,3,성동구,938029,529559,1447
2021,4,성동구,940000,531137,1448
2021,5,성동구,942235,532441,1448
2021,6,성동구,947157,535137,1449
2021,7,성동구,1344052,730310,1722
2021,8,성동구,1351519,733519,1734
2021,9,성동구,1357976,736548,1735
2021,10,성동구,1363538,740629,1750
2021,11,성동구,1367371,744033,1763
2021,12,성동구,1368833,745748,1769
2022,1,성동구,1368995,746967,1777
2022,2,성동구,1368362,747305,1788
2022,3,성동구,1367410,747033,1802
2022,4,성동구,1366929,747295,1810
2022,5,성동구,1367605,747586,1816
2022,6,성동구,1367343,747990,1823
2022,7,성동구,1366362,748414,1826
2022,8,성동구,1365448,748190,1833
2022,9,성동구,1361776,746010,1839
2022,10,성동구,1353681,739695,1845
2022,11,성동구,1335924,724857,1835
2022,12,성동구,1311038,694290,1817
2023,1,성동구,1297276,664129,1813
2023,2,성동구,1287462,640271,1807
2023,3,성동구,1277910,624690,1804
2023,4,성동구,1272186,618438,1813
2023,5,성동구,1272219,617876,1820
2023,6,성동구,1272495,618643,1829
2023,7,성동구,1278805,620686,1839
2023,8,성동구,1291662,628219,1843
2023,9,성동구,1302752,638757,1856
2023,10,성동구,1310271,647638,1863
2023,11,성동구,1315167,659324,1883
2023,12,성동구,1318738,663276,1897
2024,1,성동구,1317848,665505,1902
2024,2,성동구,1315205,671724,1904
2024,3,성동구,1315948,675548,1908
2018,1,광진구,765921,526724,1236
2018,2,광진구,778895,529829,1237
2018,3,광진구,788026,529711,1236
2018,4,광진구,791842,528882,1236
2018,5,광진구,794197,527105,1235
2018,6,광진구,793447,526026,1235
2018,7,광진구,793132,524053,1234
2018,8,광진구,794039,523605,1234
2018,9,광진구,803842,523684,1234
2018,10,광진구,806118,524184,1234
2018,11,광진구,807961,524342,1234
2018,12,광진구,806987,524289,1233
2019,1,광진구,902974,540500,1254
2019,2,광진구,900342,538395,1250
2019,3,광진구,898237,536816,1250
2019,4,광진구,896553,535395,1249
2019,5,광진구,896079,535132,1249
2019,6,광진구,895737,535132,1249
2019,7,광진구,896184,535632,1239
2019,8,광진구,897658,536724,1239
2019,9,광진구,899434,538013,1239
2019,10,광진구,906013,539671,1250
2019,11,광진구,910118,541053,1250
2019,12,광진구,916039,543605,1250
2020,1,광진구,1014402,570732,1268
2020,2,광진구,1014671,571244,1268
2020,3,광진구,1014598,571659,1267
2020,4,광진구,1013671,572268,1267
2020,5,광진구,1012195,572305,1267
2020,6,광진구,1013329,573463,1267
2020,7,광진구,1021037,575098,1267
2020,8,광진구,1025866,578085,1267
2020,9,광진구,1029256,580524,1268
2020,10,광진구,1030878,582256,1269
2020,11,광진구,1032220,583793,1270
2020,12,광진구,1034524,587817,1274
2021,1,광진구,1038378,590195,1276
2021,2,광진구,1047439,593707,1278
2021,3,광진구,1053024,595341,1279
2021,4,광진구,1056524,596732,1279
2021,5,광진구,1059476,597890,1280
2021,6,광진구,1063805,599805,1281
2021,7,광진구,1234964,696293,1488
2021,8,광진구,1241414,699571,1495
2021,9,광진구,1245636,704757,1499
2021,10,광진구,1249686,708629,1504
2021,11,광진구,1252843,711386,1482
2021,12,광진구,1254029,713736,1486
2022,1,광진구,1254100,714314,1489
2022,2,광진구,1253471,713171,1489
2022,3,광진구,1252771,712621,1487
2022,4,광진구,1252357,712257,1505
2022,5,광진구,1252850,712157,1509
2022,6,광진구,1251629,711493,1532
2022,7,광진구,1250286,710657,1545
2022,8,광진구,1248193,708893,1558
2022,9,광진구,1245029,706450,1556
2022,10,광진구,1238043,699907,1554
2022,11,광진구,1221800,687264,1553
2022,12,광진구,1194356,660406,1554
2023,1,광진구,1162454,627682,1520
2023,2,광진구,1146302,605489,1517
2023,3,광진구,1129330,585951,1517
2023,4,광진구,1118575,578059,1517
2023,5,광진구,1112899,573038,1519
2023,6,광진구,1113575,572266,1519
2023,7,광진구,1117010,573865,1533
2023,8,광진구,1123707,579334,1545
2023,9,광진구,1129493,584003,1555
2023,10,광진구,1136217,589403,1574
2023,11,광진구,1140100,594230,1585
2023,12,광진구,1140052,596699,1589
2024,1,광진구,1131133,594744,1586
2024,2,광진구,1131445,598312,1585
2024,3,광진구,1133833,599993,1586
2018,1,동대문구,447890,351620,878
2018,2,동대문구,450530,351980,868
2018,3,동대문구,452840,352230,864
2018,4,동대문구,455030,352260,839
2018,5,동대문구,456880,351940,835
2018,6,동대문구,459840,351710,828
2018,7,동대문구,463030,351270,822
2018,8,동대문구,468770,351930,822
2018,9,동대문구,476320,352810,823
2018,10,동대문구,480480,353660,823
2018,11,동대문구,481590,353840,823
2018,12,동대문구,480280,353580,823
2019,1,동대문구,593904,365170,823
2019,2,동대문구,592319,364181,823
2019,3,동대문구,588819,362138,821
2019,4,동대문구,586734,361468,821
2019,5,동대문구,585628,361383,821
2019,6,동대문구,584479,361319,821
2019,7,동대문구,584181,361149,821
2019,8,동대문구,585085,361309,821
2019,9,동대문구,586223,361628,821
2019,10,동대문구,589319,362298,821
2019,11,동대문구,592564,362787,821
2019,12,동대문구,596926,363223,821
2020,1,동대문구,652774,372472,857
2020,2,동대문구,654802,373075,854
2020,3,동대문구,656208,374151,854
2020,4,동대문구,656472,374632,854
2020,5,동대문구,655708,374745,854
2020,6,동대문구,657179,375160,854
2020,7,동대문구,665679,376160,854
2020,8,동대문구,669858,377783,855
2020,9,동대문구,673406,380283,857
2020,10,동대문구,674415,381557,858
2020,11,동대문구,675151,382925,859
2020,12,동대문구,677453,385340,861
2021,1,동대문구,680226,386925,863
2021,2,동대문구,686179,388283,865
2021,3,동대문구,689066,389217,865
2021,4,동대문구,691019,389689,865
2021,5,동대문구,692849,389953,865
2021,6,동대문구,695896,391821,867
2021,7,동대문구,864442,490985,1018
2021,8,동대문구,869689,493728,1028
2021,9,동대문구,876267,498650,1033
2021,10,동대문구,879670,501340,1043
2021,11,동대문구,881262,503586,1049
2021,12,동대문구,882126,504717,1051
2022,1,동대문구,882004,504987,1057
2022,2,동대문구,881426,505069,1073
2022,3,동대문구,880786,504364,1073
2022,4,동대문구,880830,504476,1078
2022,5,동대문구,881204,504602,1081
2022,6,동대문구,879859,504515,1088
2022,7,동대문구,877408,503573,1092
2022,8,동대문구,872209,501719,1097
2022,9,동대문구,865913,497938,1099
2022,10,동대문구,855997,491893,1105
2022,11,동대문구,836167,479987,1104
2022,12,동대문구,800727,458221,1088
2023,1,동대문구,780762,439033,1092
2023,2,동대문구,770330,427932,1084
2023,3,동대문구,761786,421361,1078
2023,4,동대문구,756373,417378,1076
2023,5,동대문구,753798,414478,1074
2023,6,동대문구,753166,413540,1075
2023,7,동대문구,755627,415467,1085
2023,8,동대문구,761009,418348,1095
2023,9,동대문구,767156,423451,1103
2023,10,동대문구,772854,428267,1109
2023,11,동대문구,775090,432215,1115
2023,12,동대문구,775014,435768,1124
2024,1,동대문구,780581,442259,1144
2024,2,동대문구,779234,443595,1146
2024,3,동대문구,779541,445005,1148
2018,1,중랑구,353115,283104,782
2018,2,중랑구,354219,283677,782
2018,3,중랑구,355302,283823,782
2018,4,중랑구,355781,283948,782
2018,5,중랑구,356958,284073,782
2018,6,중랑구,358656,284979,782
2018,7,중랑구,360531,285635,782
2018,8,중랑구,362083,286135,782
2018,9,중랑구,366052,286500,782
2018,10,중랑구,368031,286833,782
2018,11,중랑구,368521,286750,782
2018,12,중랑구,368500,286688,782
2019,1,중랑구,444432,311182,865
2019,2,중랑구,443932,310409,865
2019,3,중랑구,443193,310045,865
2019,4,중랑구,442682,309659,864
2019,5,중랑구,442545,309511,864
2019,6,중랑구,442318,309375,864
2019,7,중랑구,442080,309125,864
2019,8,중랑구,442398,308989,864
2019,9,중랑구,442989,309170,864
2019,10,중랑구,444489,309591,864
2019,11,중랑구,446216,309864,865
2019,12,중랑구,447364,310045,865
2020,1,중랑구,451372,300213,843
2020,2,중랑구,452181,300404,843
2020,3,중랑구,453085,300511,844
2020,4,중랑구,453660,300553,844
2020,5,중랑구,453798,300532,844
2020,6,중랑구,454000,300723,844
2020,7,중랑구,458202,301277,844
2020,8,중랑구,461213,302745,844
2020,9,중랑구,463415,304245,844
2020,10,중랑구,464234,305415,845
2020,11,중랑구,465032,306245,846
2020,12,중랑구,465979,308277,848
2021,1,중랑구,467638,309606,849
2021,2,중랑구,469957,311202,849
2021,3,중랑구,471404,312181,849
2021,4,중랑구,472968,313117,849
2021,5,중랑구,474011,313670,849
2021,6,중랑구,476457,314798,849
2021,7,중랑구,638929,404683,782
2021,8,중랑구,644734,406551,785
2021,9,중랑구,649806,408277,789
2021,10,중랑구,652286,409666,793
2021,11,중랑구,654594,410506,797
2021,12,중랑구,655869,410923,799
2022,1,중랑구,656223,411580,800
2022,2,중랑구,656400,411340,800
2022,3,중랑구,656097,411426,801
2022,4,중랑구,655840,411203,802
2022,5,중랑구,655669,411174,802
2022,6,중랑구,655286,411378,802
2022,7,중랑구,654286,411075,804
2022,8,중랑구,651275,410235,805
2022,9,중랑구,646526,408024,810
2022,10,중랑구,639126,403224,810
2022,11,중랑구,625811,394338,808
2022,12,중랑구,606670,378286,806
2023,1,중랑구,595116,364196,815
2023,2,중랑구,587933,356712,815
2023,3,중랑구,583138,351454,801
2023,4,중랑구,580261,348437,799
2023,5,중랑구,578602,346946,802
2023,6,중랑구,578299,346803,800
2023,7,중랑구,579331,347280,799
2023,8,중랑구,581055,348358,802
2023,9,중랑구,583893,350568,807
2023,10,중랑구,585420,352326,811
2023,11,중랑구,585820,353823,819
2023,12,중랑구,585423,354414,827
2024,1,중랑구,587626,357795,832
2024,2,중랑구,586611,358453,834
2024,3,중랑구,586095,359111,837
2018,1,성북구,447027,363255,1017
2018,2,성북구,452582,365645,1017
2018,3,성북구,459909,368736,1017
2018,4,성북구,463073,369118,1017
2018,5,성북구,466691,369327,1017
2018,6,성북구,469409,369427,1017
2018,7,성북구,471745,370182,1017
2018,8,성북구,475355,371145,1017
2018,9,성북구,482518,371673,1017
2018,10,성북구,485500,371927,1017
2018,11,성북구,486845,372091,1017
2018,12,성북구,486691,372036,1017
2019,1,성북구,558217,370283,1018
2019,2,성북구,557349,367538,1018
2019,3,성북구,556443,364868,1018
2019,4,성북구,554915,363321,1018
2019,5,성북구,554453,363047,1017
2019,6,성북구,553868,362509,1017
2019,7,성북구,553717,362462,1017
2019,8,성북구,554217,362925,1016
2019,9,성북구,555113,363377,1016
2019,10,성북구,557019,363877,1015
2019,11,성북구,559651,364736,1014
2019,12,성북구,562491,365764,1013
2020,1,성북구,589518,372027,991
2020,2,성북구,590634,372911,991
2020,3,성북구,592536,373991,991
2020,4,성북구,592268,374866,991
2020,5,성북구,591607,375223,991
2020,6,성북구,591839,375848,991
2020,7,성북구,597393,377161,991
2020,8,성북구,601402,379134,991
2020,9,성북구,603741,381875,992
2020,10,성북구,604429,384188,992
2020,11,성북구,605696,386580,993
2020,12,성북구,607089,389339,994
2021,1,성북구,608661,392241,995
2021,2,성북구,611143,394571,996
2021,3,성북구,613348,396777,997
2021,4,성북구,615545,398911,997
2021,5,성북구,617679,401080,998
2021,6,성북구,622402,404143,999
2021,7,성북구,819598,518231,1163
2021,8,성북구,826170,521834,1166
2021,9,성북구,832738,525349,1169
2021,10,성북구,840638,528646,1171
2021,11,성북구,846952,531463,1174
2021,12,성북구,848550,532258,1178
2022,1,성북구,847808,531664,1182
2022,2,성북구,845345,530231,1180
2022,3,성북구,843943,529017,1184
2022,4,성북구,842969,528354,1187
2022,5,성북구,841939,528100,1188
2022,6,성북구,840437,527463,1190
2022,7,성북구,836428,526786,1191
2022,8,성북구,830074,524545,1195
2022,9,성북구,821624,519343,1198
2022,10,성북구,808576,508753,1201
2022,11,성북구,788659,489758,1205
2022,12,성북구,756275,457792,1206
2023,1,성북구,738403,435438,1200
2023,2,성북구,733454,424875,1200
2023,3,성북구,728496,418766,1200
2023,4,성북구,723340,415950,1202
2023,5,성북구,721504,414816,1202
2023,6,성북구,721231,414450,1203
2023,7,성북구,722899,415169,1204
2023,8,성북구,726034,417367,1206
2023,9,성북구,730529,420505,1207
2023,10,성북구,732996,423316,1209
2023,11,성북구,734492,425598,1211
2023,12,성북구,734147,426858,1213
2024,1,성북구,744683,434061,1210
2024,2,성북구,743711,434953,1210
2024,3,성북구,743490,436166,1214
2018,1,강북구,385643,298571,836
2018,2,강북구,387071,300429,836
2018,3,강북구,389143,300571,836
2018,4,강북구,390486,300429,836
2018,5,강북구,392986,300943,836
2018,6,강북구,396257,301429,836
2018,7,강북구,400214,301857,836
2018,8,강북구,404886,303114,836
2018,9,강북구,412929,305400,836
2018,10,강북구,417014,307200,836
2018,11,강북구,418629,308171,836
2018,12,강북구,418743,307643,836
2019,1,강북구,478758,314197,852
2019,2,강북구,478576,311136,852
2019,3,강북구,478030,305030,852
2019,4,강북구,478076,303591,852
2019,5,강북구,477727,303606,852
2019,6,강북구,477545,304197,852
2019,7,강북구,478667,304924,852
2019,8,강북구,479545,305818,852
2019,9,강북구,480848,306424,852
2019,10,강북구,482591,307758,852
2019,11,강북구,484242,308212,852
2019,12,강북구,485515,308788,852
2020,1,강북구,495000,312653,851
2020,2,강북구,496847,313944,851
2020,3,강북구,498750,315222,851
2020,4,강북구,500042,316125,851
2020,5,강북구,499917,316861,851
2020,6,강북구,500583,318125,851
2020,7,강북구,508569,319514,851
2020,8,강북구,512236,321903,851
2020,9,강북구,513611,323750,851
2020,10,강북구,514361,324792,852
2020,11,강북구,514944,325986,852
2020,12,강북구,516681,328236,855
2021,1,강북구,518278,329903,855
2021,2,강북구,522319,331819,855
2021,3,강북구,523861,333014,855
2021,4,강북구,525222,333889,856
2021,5,강북구,526583,334750,856
2021,6,강북구,530847,336986,856
2021,7,강북구,692066,430149,1033
2021,8,강북구,696157,432533,1034
2021,9,강북구,699603,434880,1042
2021,10,강북구,702050,437533,1058
2021,11,강북구,702711,439525,1074
2021,12,강북구,702793,440426,1092
2022,1,강북구,702777,440715,1105
2022,2,강북구,702132,440161,1095
2022,3,강북구,700545,439674,1094
2022,4,강북구,700116,439839,1094
2022,5,강북구,700190,439517,1089
2022,6,강북구,699215,438628,1096
2022,7,강북구,695116,437860,1096
2022,8,강북구,690207,437000,1107
2022,9,강북구,684835,434116,1133
2022,10,강북구,674256,424669,1138
2022,11,강북구,653512,406174,1141
2022,12,강북구,628304,382181,1141
2023,1,강북구,609757,365525,1131
2023,2,강북구,600174,352872,1128
2023,3,강북구,592740,344902,1124
2023,4,강북구,587844,341709,1127
2023,5,강북구,585820,340630,1137
2023,6,강북구,585646,340266,1142
2023,7,강북구,586025,340654,1140
2023,8,강북구,586797,341339,1146
2023,9,강북구,587277,343000,1135
2023,10,강북구,587806,343433,1134
2023,11,강북구,587265,345193,1133
2023,12,강북구,586036,345590,1130
2024,1,강북구,583773,345982,1138
2024,2,강북구,582658,346752,1137
2024,3,강북구,581888,348282,1140
2018,1,도봉구,350782,250982,287
2018,2,도봉구,351909,250545,285
2018,3,도봉구,353036,250364,285
2018,4,도봉구,353909,250382,285
2018,5,도봉구,354755,250436,285
2018,6,도봉구,355809,250682,286
2018,7,도봉구,356991,250827,286
2018,8,도봉구,359100,251082,286
2018,9,도봉구,365191,251182,286
2018,10,도봉구,368391,251409,286
2018,11,도봉구,369300,251573,287
2018,12,도봉구,369064,251291,286
2019,1,도봉구,431198,260519,400
2019,2,도봉구,429811,259236,397
2019,3,도봉구,427830,257425,394
2019,4,도봉구,427255,256849,393
2019,5,도봉구,426519,256396,392
2019,6,도봉구,426066,256245,392
2019,7,도봉구,426387,256208,392
2019,8,도봉구,426802,256434,393
2019,9,도봉구,427491,256585,393
2019,10,도봉구,429009,256849,394
2019,11,도봉구,430670,257274,394
2019,12,도봉구,432802,257811,396
2020,1,도봉구,420883,246929,394
2020,2,도봉구,422419,247384,395
2020,3,도봉구,424285,247625,396
2020,4,도봉구,425803,247804,396
2020,5,도봉구,425829,247866,396
2020,6,도봉구,426723,248281,397
2020,7,도봉구,432455,249076,399
2020,8,도봉구,435491,249808,400
2020,9,도봉구,436295,250844,402
2020,10,도봉구,436875,251969,404
2020,11,도봉구,437402,253353,407
2020,12,도봉구,438554,254607,410
2021,1,도봉구,440214,255491,412
2021,2,도봉구,443920,256232,413
2021,3,도봉구,447009,256661,413
2021,4,도봉구,448964,257018,414
2021,5,도봉구,451598,257259,415
2021,6,도봉구,455955,257982,417
2021,7,도봉구,667923,353416,844
2021,8,도봉구,676167,355471,847
2021,9,도봉구,681606,357896,851
2021,10,도봉구,685023,359774,857
2021,11,도봉구,687063,361443,863
2021,12,도봉구,687760,362249,867
2022,1,도봉구,687538,362837,871
2022,2,도봉구,687023,362747,881
2022,3,도봉구,686023,362262,882
2022,4,도봉구,685172,362624,884
2022,5,도봉구,684805,362425,886
2022,6,도봉구,684602,362380,888
2022,7,도봉구,680760,362100,890
2022,8,도봉구,674163,361317,893
2022,9,도봉구,665525,359597,896
2022,10,도봉구,653357,354647,900
2022,11,도봉구,632113,343394,900
2022,12,도봉구,603665,328335,900
2023,1,도봉구,587650,313287,903
2023,2,도봉구,579946,303628,903
2023,3,도봉구,573049,296646,902
2023,4,도봉구,567776,292570,902
2023,5,도봉구,564614,289991,902
2023,6,도봉구,563637,289036,901
2023,7,도봉구,564108,289018,903
2023,8,도봉구,565157,290072,905
2023,9,도봉구,566318,291592,907
2023,10,도봉구,567000,293238,908
2023,11,도봉구,566946,294296,909
2023,12,도봉구,565632,295592,911
2024,1,도봉구,564637,296395,910
2024,2,도봉구,563090,297157,911
2024,3,도봉구,562314,297780,912
2018,1,노원구,362431,259494,671
2018,2,노원구,363675,259581,671
2018,3,노원구,364925,259419,671
2018,4,노원구,364975,259219,671
2018,5,노원구,365163,258869,670
2018,6,노원구,365706,258500,669
2018,7,노원구,366313,258444,669
2018,8,노원구,368413,258806,669
2018,9,노원구,374400,258806,669
2018,10,노원구,377194,259119,669
2018,11,노원구,378144,259319,669
2018,12,노원구,377669,259406,669
2019,1,노원구,445903,267964,692
2019,2,노원구,444779,267841,692
2019,3,노원구,443591,267422,692
2019,4,노원구,442091,267156,692
2019,5,노원구,441760,267052,692
2019,6,노원구,441604,266851,692
2019,7,노원구,441857,266844,692
2019,8,노원구,442292,267078,692
2019,9,노원구,443195,267318,692
2019,10,노원구,445448,268227,692
2019,11,노원구,447370,268831,692
2019,12,노원구,449487,269519,689
2020,1,노원구,467222,274284,694
2020,2,노원구,468846,274660,694
2020,3,노원구,470932,275173,695
2020,4,노원구,472685,275099,695
2020,5,노원구,472710,274920,694
2020,6,노원구,473617,275438,695
2020,7,노원구,480086,276648,696
2020,8,노원구,483210,277883,697
2020,9,노원구,484531,279389,699
2020,10,노원구,485395,280815,700
2020,11,노원구,486340,282080,701
2020,12,노원구,488586,284315,704
2021,1,노원구,490833,286228,706
2021,2,노원구,495278,287951,707
2021,3,노원구,498951,289290,708
2021,4,노원구,502623,291031,709
2021,5,노원구,506691,292895,711
2021,6,노원구,514914,294870,712
2021,7,노원구,695432,364043,791
2021,8,노원구,705035,368016,792
2021,9,노원구,712228,371364,793
2021,10,노원구,718152,373984,796
2021,11,노원구,722041,376261,798
2021,12,노원구,723905,377418,802
2022,1,노원구,723242,376864,803
2022,2,노원구,722215,375834,808
2022,3,노원구,721405,375363,809
2022,4,노원구,721111,374982,807
2022,5,노원구,720231,374417,808
2022,6,노원구,718853,374124,809
2022,7,노원구,714742,373580,812
2022,8,노원구,707755,372802,815
2022,9,노원구,698204,370814,819
2022,10,노원구,685552,365558,821
2022,11,노원구,664035,353424,821
2022,12,노원구,631024,333142,820
2023,1,노원구,617062,318165,819
2023,2,노원구,612632,308936,820
2023,3,노원구,609761,304174,819
2023,4,노원구,608645,300720,816
2023,5,노원구,609774,299966,815
2023,6,노원구,610532,299423,814
2023,7,노원구,610855,299337,814
2023,8,노원구,611298,299961,815
2023,9,노원구,613565,303738,820
2023,10,노원구,614317,305908,824
2023,11,노원구,614132,309128,831
2023,12,노원구,612858,310590,835
2024,1,노원구,616085,315945,834
2024,2,노원구,614968,317310,829
2024,3,노원구,614513,319279,833
2018,1,은평구,438344,332922,807
2018,2,은평구,440122,333511,807
2018,3,은평구,441544,334044,806
2018,4,은평구,442456,334222,806
2018,5,은평구,444189,334322,806
2018,6,은평구,446244,333978,806
2018,7,은평구,448389,334000,806
2018,8,은평구,454478,333833,806
2018,9,은평구,463311,334433,806
2018,10,은평구,467011,334767,806
2018,11,은평구,467200,334433,806
2018,12,은평구,467411,333967,806
2019,1,은평구,537430,337965,846
2019,2,은평구,536907,336488,846
2019,3,은평구,534256,333384,846
2019,4,은평구,533384,331523,846
2019,5,은평구,532919,331279,846
2019,6,은평구,532756,331128,845
2019,7,은평구,533233,331419,845
2019,8,은평구,533256,331686,845
2019,9,은평구,534337,332233,846
2019,10,은평구,536500,333070,846
2019,11,은평구,538756,333756,846
2019,12,은평구,542267,334395,846
2020,1,은평구,601337,359480,883
2020,2,은평구,602496,360347,884
2020,3,은평구,603490,360847,884
2020,4,은평구,603612,361235,884
2020,5,은평구,603653,361500,884
2020,6,은평구,603929,361980,884
2020,7,은평구,610286,363173,885
2020,8,은평구,613449,364918,886
2020,9,은평구,616367,366571,886
2020,10,은평구,617337,368112,888
2020,11,은평구,618031,369898,889
2020,12,은평구,619663,373163,892
2021,1,은평구,621398,375704,894
2021,2,은평구,625051,377929,896
2021,3,은평구,627041,379653,897
2021,4,은평구,629459,381622,897
2021,5,은평구,631561,383194,898
2021,6,은평구,635510,385444,899
2021,7,은평구,797275,462310,970
2021,8,은평구,805220,466140,975
2021,9,은평구,812560,469365,981
2021,10,은평구,820038,472904,982
2021,11,은평구,826791,475832,991
2021,12,은평구,827077,476739,995
2022,1,은평구,826275,476387,998
2022,2,은평구,824308,475912,998
2022,3,은평구,823192,475154,998
2022,4,은평구,822973,474253,999
2022,5,은평구,822615,473274,1000
2022,6,은평구,821082,472609,1001
2022,7,은평구,816385,471527,1003
2022,8,은평구,809198,469213,1008
2022,9,은평구,800088,463729,1010
2022,10,은평구,786725,454389,1011
2022,11,은평구,767835,438955,1011
2022,12,은평구,739330,412420,1001
2023,1,은평구,712715,394597,1006
2023,2,은평구,705332,387424,999
2023,3,은평구,699627,382159,997
2023,4,은평구,695446,379632,994
2023,5,은평구,694409,379102,995
2023,6,은평구,694720,379392,996
2023,7,은평구,696238,381113,997
2023,8,은평구,698731,383352,999
2023,9,은평구,702528,385940,1001
2023,10,은평구,704715,389966,1002
2023,11,은평구,705705,392507,1000
2023,12,은평구,705238,394489,1003
2024,1,은평구,708212,400578,1016
2024,2,은평구,706348,402163,1019
2024,3,은평구,706066,404148,1024
2018,1,서대문구,486250,372739,886
2018,2,서대문구,490636,373784,898
2018,3,서대문구,494625,374455,898
2018,4,서대문구,498807,374830,897
2018,5,서대문구,502409,375466,898
2018,6,서대문구,506659,376068,897
2018,7,서대문구,509227,376705,897
2018,8,서대문구,512682,376773,898
2018,9,서대문구,518830,377068,898
2018,10,서대문구,522386,377182,897
2018,11,서대문구,522864,376659,897
2018,12,서대문구,522523,374739,897
2019,1,서대문구,611583,377786,865
2019,2,서대문구,610369,375702,863
2019,3,서대문구,609167,373476,863
2019,4,서대문구,608321,372476,862
2019,5,서대문구,607167,372226,862
2019,6,서대문구,606512,371881,862
2019,7,서대문구,606607,372119,862
2019,8,서대문구,607619,372167,862
2019,9,서대문구,608571,372107,862
2019,10,서대문구,611119,372333,862
2019,11,서대문구,614726,372905,862
2019,12,서대문구,618262,374000,862
2020,1,서대문구,643739,378967,875
2020,2,서대문구,644826,379413,875
2020,3,서대문구,645804,379837,875
2020,4,서대문구,645533,380120,875
2020,5,서대문구,644891,380283,875
2020,6,서대문구,644891,380728,875
2020,7,서대문구,651022,381859,875
2020,8,서대문구,655065,383565,876
2020,9,서대문구,657641,384587,876
2020,10,서대문구,658402,385978,878
2020,11,서대문구,659000,387957,880
2020,12,서대문구,660500,391120,885
2021,1,서대문구,662261,393359,881
2021,2,서대문구,664859,394837,882
2021,3,서대문구,666489,395880,882
2021,4,서대문구,667728,396707,883
2021,5,서대문구,668935,396967,882
2021,6,서대문구,672652,397924,883
2021,7,서대문구,914506,538055,1089
2021,8,서대문구,919218,541098,1170
2021,9,서대문구,923718,544095,1178
2021,10,서대문구,932420,548124,1187
2021,11,서대문구,938879,551408,1209
2021,12,서대문구,940270,552328,1214
2022,1,서대문구,940121,552563,1223
2022,2,서대문구,938408,551023,1224
2022,3,서대문구,936632,550368,1227
2022,4,서대문구,935920,549793,1229
2022,5,서대문구,934552,549425,1232
2022,6,서대문구,932753,548822,1231
2022,7,서대문구,928891,547437,1236
2022,8,서대문구,922057,544534,1244
2022,9,서대문구,911925,538799,1252
2022,10,서대문구,900609,530339,1257
2022,11,서대문구,883667,513385,1254
2022,12,서대문구,852086,485879,1244
2023,1,서대문구,838867,464591,1229
2023,2,서대문구,827740,453061,1229
2023,3,서대문구,820724,447497,1231
2023,4,서대문구,815155,444508,1231
2023,5,서대문구,812989,442906,1234
2023,6,서대문구,811260,442547,1237
2023,7,서대문구,812166,443265,1244
2023,8,서대문구,813657,445718,1242
2023,9,서대문구,817122,449403,1246
2023,10,서대문구,819575,453492,1248
2023,11,서대문구,820823,455845,1253
2023,12,서대문구,819331,457713,1256
2024,1,서대문구,815060,457630,1263
2024,2,서대문구,813348,458908,1265
2024,3,서대문구,813277,461022,1275
2018,1,마포구,657137,472324,1227
2018,2,마포구,669735,473794,1227
2018,3,마포구,679882,474088,1227
2018,4,마포구,685598,474137,1181
2018,5,마포구,690108,473824,1181
2018,6,마포구,694255,473578,1181
2018,7,마포구,699186,475265,1182
2018,8,마포구,709520,477461,1185
2018,9,마포구,721176,480186,1186
2018,10,마포구,725461,483294,1188
2018,11,마포구,725853,482912,1188
2018,12,마포구,724912,479824,1185
2019,1,마포구,839735,488480,1225
2019,2,마포구,834480,486173,1221
2019,3,마포구,832796,483735,1220
2019,4,마포구,831367,480653,1219
2019,5,마포구,830786,480010,1219
2019,6,마포구,830745,480888,1219
2019,7,마포구,832408,480531,1219
2019,8,마포구,835071,481173,1222
2019,9,마포구,838031,481296,1222
2019,10,마포구,845745,482561,1222
2019,11,마포구,852337,483592,1222
2019,12,마포구,858827,485378,1222
2020,1,마포구,986221,522644,1364
2020,2,마포구,988750,525774,1363
2020,3,마포구,990308,527726,1363
2020,4,마포구,989048,529226,1363
2020,5,마포구,985192,530524,1363
2020,6,마포구,984317,532721,1363
2020,7,마포구,998962,536500,1376
2020,8,마포구,1004481,541663,1379
2020,9,마포구,1007385,546125,1381
2020,10,마포구,1010106,548385,1383
2020,11,마포구,1011298,552923,1387
2020,12,마포구,1015510,559971,1391
2021,1,마포구,1019750,565413,1397
2021,2,마포구,1030865,568010,1404
2021,3,마포구,1036260,569356,1411
2021,4,마포구,1039510,569221,1420
2021,5,마포구,1043577,569606,1463
2021,6,마포구,1054750,571635,1464
2021,7,마포구,1134507,649793,1292
2021,8,마포구,1144094,653764,1298
2021,9,마포구,1154232,659138,1302
2021,10,마포구,1168941,664980,1306
2021,11,마포구,1179877,669724,1309
2021,12,마포구,1182064,671167,1315
2022,1,마포구,1181567,671227,1322
2022,2,마포구,1180517,670527,1320
2022,3,마포구,1179320,669601,1320
2022,4,마포구,1178729,669099,1320
2022,5,마포구,1178315,668749,1321
2022,6,마포구,1177153,668232,1322
2022,7,마포구,1172837,666980,1326
2022,8,마포구,1164404,664635,1333
2022,9,마포구,1154163,658315,1338
2022,10,마포구,1142631,650128,1340
2022,11,마포구,1125192,632729,1336
2022,12,마포구,1087532,601778,1332
2023,1,마포구,1068986,583606,1347
2023,2,마포구,1057657,569859,1347
2023,3,마포구,1048845,561695,1344
2023,4,마포구,1044723,559704,1344
2023,5,마포구,1043906,559676,1341
2023,6,마포구,1047751,560563,1343
2023,7,마포구,1053944,563451,1345
2023,8,마포구,1063376,568408,1345
2023,9,마포구,1070850,574329,1346
2023,10,마포구,1075883,578235,1347
2023,11,마포구,1077596,582423,1350
2023,12,마포구,1075751,585338,1354
2024,1,마포구,1074950,587697,1365
2024,2,마포구,1073271,588436,1367
2024,3,마포구,1075344,589647,1370
2018,1,양천구,705708,445792,825
2018,2,양천구,718667,449458,836
2018,3,양천구,721208,447667,836
2018,4,양천구,718308,442750,829
2018,5,양천구,717350,440883,828
2018,6,양천구,715925,441717,828
2018,7,양천구,717292,445008,827
2018,8,양천구,726267,446942,825
2018,9,양천구,742283,448958,824
2018,10,양천구,744592,449733,824
2018,11,양천구,744692,449925,824
2018,12,양천구,743642,450200,824
2019,1,양천구,808806,459978,868
2019,2,양천구,804463,458522,867
2019,3,양천구,798612,456119,863
2019,4,양천구,792164,453537,862
2019,5,양천구,789597,452455,860
2019,6,양천구,788881,451731,859
2019,7,양천구,792022,451776,859
2019,8,양천구,793000,452410,859
2019,9,양천구,793649,453127,859
2019,10,양천구,799910,455821,861
2019,11,양천구,807642,460746,864
2019,12,양천구,827381,467030,868
2020,1,양천구,876286,465807,855
2020,2,양천구,876079,466857,855
2020,3,양천구,876279,466379,855
2020,4,양천구,875343,465564,856
2020,5,양천구,873414,464743,855
2020,6,양천구,875407,464793,855
2020,7,양천구,884850,466271,846
2020,8,양천구,889929,468000,847
2020,9,양천구,893000,469807,844
2020,10,양천구,893800,471336,847
2020,11,양천구,894514,473414,845
2020,12,양천구,897150,477086,850
2021,1,양천구,900700,479000,852
2021,2,양천구,906261,480614,853
2021,3,양천구,912611,481986,853
2021,4,양천구,918546,482979,854
2021,5,양천구,925554,482693,854
2021,6,양천구,934686,482814,852
2021,7,양천구,1196524,628315,932
2021,8,양천구,1202141,634637,931
2021,9,양천구,1208153,638089,932
2021,10,양천구,1212415,643560,933
2021,11,양천구,1216395,646847,933
2021,12,양천구,1218141,650310,931
2022,1,양천구,1218153,650657,935
2022,2,양천구,1217431,649335,937
2022,3,양천구,1217298,647141,942
2022,4,양천구,1217758,645847,949
2022,5,양천구,1217782,645069,949
2022,6,양천구,1216758,643492,957
2022,7,양천구,1215899,641790,964
2022,8,양천구,1212423,639956,964
2022,9,양천구,1205536,635835,959
2022,10,양천구,1191242,627181,959
2022,11,양천구,1169726,611238,958
2022,12,양천구,1146532,580855,942
2023,1,양천구,1122477,540430,948
2023,2,양천구,1111233,518694,951
2023,3,양천구,1105295,506694,961
2023,4,양천구,1104194,503422,959
2023,5,양천구,1105287,503760,956
2023,6,양천구,1107992,506008,954
2023,7,양천구,1114039,508194,955
2023,8,양천구,1122151,510771,957
2023,9,양천구,1132008,515128,962
2023,10,양천구,1139244,519717,971
2023,11,양천구,1144306,526713,986
2023,12,양천구,1144132,530306,995
2024,1,양천구,1142736,531341,999
2024,2,양천구,1141756,531919,1002
2024,3,양천구,1141736,533314,1005
2018,1,강서구,481953,324766,779
2018,2,강서구,489414,329453,779
2018,3,강서구,496055,329258,779
2018,4,강서구,503773,328680,778
2018,5,강서구,506711,328117,776
2018,6,강서구,508195,327195,776
2018,7,강서구,510414,328133,776
2018,8,강서구,514484,328313,776
2018,9,강서구,525992,330781,777
2018,10,강서구,529813,332008,778
2018,11,강서구,529859,331305,777
2018,12,강서구,529313,330852,777
2019,1,강서구,583185,339306,794
2019,2,강서구,582395,338484,794
2019,3,강서구,581177,337056,792
2019,4,강서구,578968,336266,792
2019,5,강서구,577355,335718,791
2019,6,강서구,576395,335234,791
2019,7,강서구,576169,335621,791
2019,8,강서구,576645,336218,791
2019,9,강서구,577379,337097,791
2019,10,강서구,579476,338935,792
2019,11,강서구,583266,340903,792
2019,12,강서구,588250,342952,793
2020,1,강서구,615250,354394,819
2020,2,강서구,615932,354894,820
2020,3,강서구,616598,355500,820
2020,4,강서구,617386,355955,820
2020,5,강서구,617000,355955,820
2020,6,강서구,617136,356348,820
2020,7,강서구,623697,357212,820
2020,8,강서구,627288,358932,828
2020,9,강서구,629871,360720,834
2020,10,강서구,630788,362432,835
2020,11,강서구,631848,364606,837
2020,12,강서구,633348,366773,840
2021,1,강서구,635697,368455,845
2021,2,강서구,638765,370045,849
2021,3,강서구,641561,371361,850
2021,4,강서구,643379,371898,850
2021,5,강서구,645197,372452,850
2021,6,강서구,649356,373545,850
2021,7,강서구,849210,491452,868
2021,8,강서구,858741,495426,878
2021,9,강서구,870094,498676,872
2021,10,강서구,878239,501691,876
2021,11,강서구,885173,503936,882
2021,12,강서구,887913,506701,877
2022,1,강서구,888983,506690,872
2022,2,강서구,888476,506289,877
2022,3,강서구,887454,504662,881
2022,4,강서구,886393,503485,875
2022,5,강서구,886216,503162,870
2022,6,강서구,885101,502572,865
2022,7,강서구,882980,501598,857
2022,8,강서구,879922,500660,857
2022,9,강서구,872330,497899,860
2022,10,강서구,859939,491897,860
2022,11,강서구,843024,480339,856
2022,12,강서구,820434,460145,854
2023,1,강서구,794209,433234,855
2023,2,강서구,778171,414901,848
2023,3,강서구,766080,400328,851
2023,4,강서구,759121,396769,850
2023,5,강서구,755671,395381,845
2023,6,강서구,755146,395259,844
2023,7,강서구,758030,396133,840
2023,8,강서구,760565,398163,849
2023,9,강서구,763598,400994,851
2023,10,강서구,768208,404981,856
2023,11,강서구,770318,409209,863
2023,12,강서구,769679,411693,865
2024,1,강서구,765766,412913,868
2024,2,강서구,764279,413345,869
2024,3,강서구,764262,414454,872
2018,1,구로구,424241,328328,756
2018,2,구로구,427845,329319,755
2018,3,구로구,429871,329586,755
2018,4,구로구,433267,329207,755
2018,5,구로구,436086,328603,754
2018,6,구로구,439517,328017,754
2018,7,구로구,442216,328034,754
2018,8,구로구,444526,328388,754
2018,9,구로구,449397,328534,754
2018,10,구로구,451672,328991,754
2018,11,구로구,452216,329216,754
2018,12,구로구,451836,329466,754
2019,1,구로구,526882,344891,825
2019,2,구로구,526518,343709,825
2019,3,구로구,526355,343182,825
2019,4,구로구,525373,342673,825
2019,5,구로구,525009,342182,825
2019,6,구로구,525009,341864,825
2019,7,구로구,525191,341791,825
2019,8,구로구,525691,341991,825
2019,9,구로구,526582,342464,825
2019,10,구로구,528918,343009,825
2019,11,구로구,532273,343936,825
2019,12,구로구,535682,344773,825
2020,1,구로구,553669,340212,814
2020,2,구로구,555398,340907,814
2020,3,구로구,557297,341822,814
2020,4,구로구,559042,342161,814
2020,5,구로구,560483,342534,814
2020,6,구로구,562559,343424,814
2020,7,구로구,570017,344492,814
2020,8,구로구,573797,346559,814
2020,9,구로구,576415,348678,815
2020,10,구로구,577288,350839,816
2020,11,구로구,578212,352932,818
2020,12,구로구,579432,355585,820
2021,1,구로구,581500,358415,823
2021,2,구로구,584275,360542,824
2021,3,구로구,586347,361856,824
2021,4,구로구,587924,362797,824
2021,5,구로구,589737,363653,824
2021,6,구로구,593008,365246,824
2021,7,구로구,665836,421051,795
2021,8,구로구,671066,423385,795
2021,9,구로구,677414,426186,798
2021,10,구로구,683172,428658,798
2021,11,구로구,688553,431477,798
2021,12,구로구,691352,433559,799
2022,1,구로구,691836,433990,799
2022,2,구로구,691471,433598,800
2022,3,구로구,690980,432902,800
2022,4,구로구,690512,432588,800
2022,5,구로구,690299,432293,801
2022,6,구로구,689727,432060,801
2022,7,구로구,688158,431400,801
2022,8,구로구,685617,430412,799
2022,9,구로구,680965,428234,800
2022,10,구로구,672807,423650,800
2022,11,구로구,660494,410007,803
2022,12,구로구,646449,389535,803
2023,1,구로구,632059,367773,807
2023,2,구로구,622121,354015,828
2023,3,구로구,616590,348728,845
2023,4,구로구,611662,345170,852
2023,5,구로구,609689,344048,853
2023,6,구로구,609240,344353,858
2023,7,구로구,609527,344484,861
2023,8,구로구,610873,346525,865
2023,9,구로구,612322,349189,866
2023,10,구로구,614453,352230,870
2023,11,구로구,613842,354435,871
2023,12,구로구,611709,356412,871
2024,1,구로구,607073,356901,876
2024,2,구로구,606329,357602,874
2024,3,구로구,605370,359535,877
2018,1,금천구,348900,269986,742
2018,2,금천구,349257,269786,741
2018,3,금천구,349971,269686,741
2018,4,금천구,350671,269400,741
2018,5,금천구,351871,269057,741
2018,6,금천구,352957,268957,741
2018,7,금천구,354171,269200,741
2018,8,금천구,356529,270086,741
2018,9,금천구,361414,270314,741
2018,10,금천구,363686,270800,741
2018,11,금천구,364329,270986,741
2018,12,금천구,364400,271071,741
2019,1,금천구,404297,272141,759
2019,2,금천구,403906,270969,758
2019,3,금천구,403281,270406,758
2019,4,금천구,403016,269969,758
2019,5,금천구,402859,269938,758
2019,6,금천구,402859,269719,758
2019,7,금천구,403266,269953,758
2019,8,금천구,403594,270141,758
2019,9,금천구,404125,270578,758
2019,10,금천구,405625,271219,758
2019,11,금천구,407875,272906,758
2019,12,금천구,410234,275375,758
2020,1,금천구,514411,318000,827
2020,2,금천구,514666,318308,827
2020,3,금천구,515526,318603,827
2020,4,금천구,516397,318897,827
2020,5,금천구,516756,319141,827
2020,6,금천구,517782,319538,827
2020,7,금천구,521923,320218,830
2020,8,금천구,524231,321923,839
2020,9,금천구,525885,323333,853
2020,10,금천구,526526,324936,853
2020,11,금천구,527038,326872,855
2020,12,금천구,527949,328833,859
2021,1,금천구,528897,329513,860
2021,2,금천구,531090,330308,861
2021,3,금천구,532372,331021,861
2021,4,금천구,533577,331267,861
2021,5,금천구,534910,331423,862
2021,6,금천구,538564,331718,863
2021,7,금천구,638543,380578,939
2021,8,금천구,641853,382647,939
2021,9,금천구,646434,385275,940
2021,10,금천구,651938,388477,941
2021,11,금천구,654875,388934,941
2021,12,금천구,654588,389283,942
2022,1,금천구,654596,389260,941
2022,2,금천구,654286,388950,945
2022,3,금천구,653968,388764,894
2022,4,금천구,653751,388523,894
2022,5,금천구,653247,388267,895
2022,6,금천구,652860,387903,897
2022,7,금천구,651526,387518,891
2022,8,금천구,648759,386447,892
2022,9,금천구,643053,384571,893
2022,10,금천구,633891,379974,893
2022,11,금천구,619515,368027,895
2022,12,금천구,601626,344734,894
2023,1,금천구,585453,323863,893
2023,2,금천구,572464,308400,892
2023,3,금천구,563983,300422,891
2023,4,금천구,560270,298474,895
2023,5,금천구,559429,298880,903
2023,6,금천구,559205,299304,906
2023,7,금천구,560370,299940,910
2023,8,금천구,562339,301664,912
2023,9,금천구,565455,303782,912
2023,10,금천구,568013,305883,913
2023,11,금천구,568912,308339,908
2023,12,금천구,567734,310339,914
2024,1,금천구,568590,312786,920
2024,2,금천구,567390,313686,924
2024,3,금천구,567405,315145,928
2018,1,영등포구,589568,393486,1008
2018,2,영등포구,596145,394277,1008
2018,3,영등포구,599964,393959,1008
2018,4,영등포구,603891,393705,1007
2018,5,영등포구,606636,393295,1007
2018,6,영등포구,608955,393941,1009
2018,7,영등포구,614636,393823,1009
2018,8,영등포구,625436,394859,1010
2018,9,영등포구,639600,397386,1010
2018,10,영등포구,642873,399914,1010
2018,11,영등포구,643909,400450,1010
2018,12,영등포구,643364,399932,1010
2019,1,영등포구,777065,424106,1066
2019,2,영등포구,775287,421792,1066
2019,3,영등포구,772435,420634,1066
2019,4,영등포구,771306,418449,1066
2019,5,영등포구,769769,416838,1066
2019,6,영등포구,769528,416579,1066
2019,7,영등포구,770630,415889,1070
2019,8,영등포구,771861,416324,1070
2019,9,영등포구,773546,417574,1070
2019,10,영등포구,778546,419824,1068
2019,11,영등포구,784352,422898,1068
2019,12,영등포구,790361,425111,1068
2020,1,영등포구,811102,419390,1056
2020,2,영등포구,805448,416805,1054
2020,3,영등포구,806083,417432,1054
2020,4,영등포구,806032,417898,1054
2020,5,영등포구,805485,417881,1054
2020,6,영등포구,806553,417992,1054
2020,7,영등포구,815280,419085,1054
2020,8,영등포구,820331,420864,1055
2020,9,영등포구,823466,422814,1057
2020,10,영등포구,824356,424398,1058
2020,11,영등포구,825407,426297,1060
2020,12,영등포구,827110,430364,1063
2021,1,영등포구,829424,432424,1065
2021,2,영등포구,835983,433771,1066
2021,3,영등포구,839661,434864,1066
2021,4,영등포구,843220,435593,1067
2021,5,영등포구,848780,436322,1067
2021,6,영등포구,856695,437949,1067
2021,7,영등포구,1139713,581962,957
2021,8,영등포구,1147357,585631,958
2021,9,영등포구,1156448,589997,959
2021,10,영등포구,1163800,594935,963
2021,11,영등포구,1168135,598348,963
2021,12,영등포구,1170000,600900,964
2022,1,영등포구,1170574,601213,965
2022,2,영등포구,1170152,601148,970
2022,3,영등포구,1169109,601274,973
2022,4,영등포구,1168952,601343,976
2022,5,영등포구,1169404,601700,978
2022,6,영등포구,1169435,601357,989
2022,7,영등포구,1168826,600826,990
2022,8,영등포구,1165004,599060,994
2022,9,영등포구,1159461,596225,995
2022,10,영등포구,1147522,589769,998
2022,11,영등포구,1123074,574438,998
2022,12,영등포구,1091696,552414,1000
2023,1,영등포구,1070780,532101,997
2023,2,영등포구,1058257,511813,987
2023,3,영등포구,1048057,497811,980
2023,4,영등포구,1045624,495065,977
2023,5,영등포구,1045702,495016,975
2023,6,영등포구,1048424,497350,996
2023,7,영등포구,1053616,499177,1002
2023,8,영등포구,1058249,502914,1007
2023,9,영등포구,1065829,506033,1018
2023,10,영등포구,1073384,509871,1024
2023,11,영등포구,1078576,514352,1033
2023,12,영등포구,1079045,517360,1051
2024,1,영등포구,1074336,519845,1076
2024,2,영등포구,1073588,521614,1083
2024,3,영등포구,1074484,523078,1090
2018,1,동작구,642030,477190,1164
2018,2,동작구,648350,475620,1164
2018,3,동작구,654800,472270,1159
2018,4,동작구,660570,469740,1159
2018,5,동작구,666840,468380,1160
2018,6,동작구,670710,467410,1160
2018,7,동작구,675720,470380,1160
2018,8,동작구,684200,475280,1160
2018,9,동작구,702310,480220,1161
2018,10,동작구,705200,481330,1161
2018,11,동작구,704200,480230,1161
2018,12,동작구,702530,478010,1161
2019,1,동작구,807327,482806,1215
2019,2,동작구,804143,478184,1215
2019,3,동작구,799714,473888,1215
2019,4,동작구,794531,471786,1215
2019,5,동작구,791704,470663,1215
2019,6,동작구,791071,470265,1215
2019,7,동작구,792908,472000,1215
2019,8,동작구,793969,473490,1215
2019,9,동작구,795327,475214,1215
2019,10,동작구,799561,479112,1215
2019,11,동작구,806469,480847,1215
2019,12,동작구,819582,483541,1223
2020,1,동작구,835058,474885,1187
2020,2,동작구,836250,477317,1187
2020,3,동작구,837442,478394,1187
2020,4,동작구,837192,479288,1187
2020,5,동작구,836577,480452,1188
2020,6,동작구,837298,481663,1188
2020,7,동작구,844644,483548,1188
2020,8,동작구,847923,487750,1176
2020,9,동작구,849327,490154,1164
2020,10,동작구,849827,492490,1166
2020,11,동작구,850404,499058,1171
2020,12,동작구,851606,504962,1176
2021,1,동작구,854606,509846,1179
2021,2,동작구,860038,514548,1182
2021,3,동작구,865644,517606,1183
2021,4,동작구,870644,519663,1184
2021,5,동작구,876106,519971,1184
2021,6,동작구,888529,528260,1192
2021,7,동작구,1065149,640281,1098
2021,8,동작구,1074886,646234,1115
2021,9,동작구,1085873,651562,1131
2021,10,동작구,1095958,656388,1142
2021,11,동작구,1103453,659353,1149
2021,12,동작구,1108527,661602,1161
2022,1,동작구,1109109,661052,1164
2022,2,동작구,1108637,660166,1164
2022,3,동작구,1107632,659047,1162
2022,4,동작구,1107612,659097,1163
2022,5,동작구,1108303,659639,1163
2022,6,동작구,1108537,659587,1163
2022,7,동작구,1107891,659164,1153
2022,8,동작구,1106129,658119,1150
2022,9,동작구,1099881,653726,1148
2022,10,동작구,1091726,646368,1146
2022,11,동작구,1071955,624770,1136
2022,12,동작구,1043861,597899,1120
2023,1,동작구,1034242,571060,1089
2023,2,동작구,1016322,535783,1117
2023,3,동작구,1010569,523574,1100
2023,4,동작구,1010540,522134,1098
2023,5,동작구,1012896,523328,1096
2023,6,동작구,1013924,524527,1105
2023,7,동작구,1014763,525437,1105
2023,8,동작구,1017427,527172,1110
2023,9,동작구,1018829,528882,1111
2023,10,동작구,1021261,531764,1113
2023,11,동작구,1021275,536565,1115
2023,12,동작구,1018611,539683,1141
2024,1,동작구,1017568,543029,1168
2024,2,동작구,1017028,544499,1172
2024,3,동작구,1018249,546395,1173
2018,1,관악구,423337,337935,837
2018,2,관악구,425228,338152,837
2018,3,관악구,426630,338043,837
2018,4,관악구,427467,337489,837
2018,5,관악구,429576,336880,837
2018,6,관악구,432283,336913,837
2018,7,관악구,435630,337413,837
2018,8,관악구,438293,337946,840
2018,9,관악구,443739,338489,840
2018,10,관악구,445891,339587,840
2018,11,관악구,446076,339685,840
2018,12,관악구,445815,339576,840
2019,1,관악구,496558,341500,857
2019,2,관악구,495651,340930,856
2019,3,관악구,494651,340326,856
2019,4,관악구,493430,339198,855
2019,5,관악구,492686,338651,853
2019,6,관악구,492360,338221,853
2019,7,관악구,492174,337337,852
2019,8,관악구,492419,337140,853
2019,9,관악구,492965,337407,853
2019,10,관악구,494407,339070,853
2019,11,관악구,497023,341407,854
2019,12,관악구,500186,343512,855
2020,1,관악구,510957,337141,855
2020,2,관악구,511435,337728,856
2020,3,관악구,512663,338163,856
2020,4,관악구,514283,338598,856
2020,5,관악구,515196,338783,856
2020,6,관악구,516554,339380,856
2020,7,관악구,523196,340424,856
2020,8,관악구,526967,342880,856
2020,9,관악구,530511,346087,856
2020,10,관악구,531663,348207,857
2020,11,관악구,533272,350935,860
2020,12,관악구,536359,355674,864
2021,1,관악구,539489,360033,866
2021,2,관악구,545370,362837,867
2021,3,관악구,549120,364957,868
2021,4,관악구,551587,366630,868
2021,5,관악구,553707,367880,868
2021,6,관악구,558848,370359,868
2021,7,관악구,745299,472391,808
2021,8,관악구,753247,475782,810
2021,9,관악구,759655,478828,812
2021,10,관악구,765529,480299,813
2021,11,관악구,766920,480741,813
2021,12,관악구,766994,481034,814
2022,1,관악구,767126,481247,814
2022,2,관악구,766649,481184,815
2022,3,관악구,765925,480931,815
2022,4,관악구,765460,480724,816
2022,5,관악구,764816,480305,816
2022,6,관악구,764517,480029,816
2022,7,관악구,763195,479615,815
2022,8,관악구,760713,478489,815
2022,9,관악구,754408,475121,814
2022,10,관악구,745213,468592,812
2022,11,관악구,731362,455793,808
2022,12,관악구,711747,430851,804
2023,1,관악구,699150,414756,804
2023,2,관악구,686217,398461,801
2023,3,관악구,676300,385094,806
2023,4,관악구,671156,380933,804
2023,5,관악구,669389,379500,801
2023,6,관악구,669267,379222,800
2023,7,관악구,670306,379278,798
2023,8,관악구,673072,380706,800
2023,9,관악구,674922,382483,801
2023,10,관악구,677567,384072,804
2023,11,관악구,678133,384539,806
2023,12,관악구,676811,384656,827
2024,1,관악구,667667,380705,827
2024,2,관악구,666022,380989,829
2024,3,관악구,664443,381710,831
2018,1,서초구,1306195,786922,1936
2018,2,서초구,1346953,788680,1936
2018,3,서초구,1352734,780234,1936
2018,4,서초구,1352148,773594,1935
2018,5,서초구,1348648,764188,1934
2018,6,서초구,1346188,758758,1934
2018,7,서초구,1346086,759016,1934
2018,8,서초구,1357820,766555,1934
2018,9,서초구,1394578,771500,1937
2018,10,서초구,1402102,772516,1937
2018,11,서초구,1398398,769578,1937
2018,12,서초구,1394773,764383,1937
2019,1,서초구,1555515,789000,1913
2019,2,서초구,1544321,779112,1912
2019,3,서초구,1536679,770813,1909
2019,4,서초구,1527799,767321,1909
2019,5,서초구,1524067,766291,1909
2019,6,서초구,1523590,766030,1909
2019,7,서초구,1527097,768149,1908
2019,8,서초구,1531560,773910,1908
2019,9,서초구,1536963,778321,1908
2019,10,서초구,1546149,781925,1908
2019,11,서초구,1559873,785284,1908
2019,12,서초구,1594724,791104,1909
2020,1,서초구,1775269,856349,2057
2020,2,서초구,1776966,862240,2063
2020,3,서초구,1770507,864651,2064
2020,4,서초구,1750110,864589,2065
2020,5,서초구,1731616,863541,2066
2020,6,서초구,1732849,866329,2068
2020,7,서초구,1751014,872822,2068
2020,8,서초구,1757795,880610,2069
2020,9,서초구,1759164,887658,2070
2020,10,서초구,1759747,891664,2072
2020,11,서초구,1761322,904007,2079
2020,12,서초구,1771322,917507,2086
2021,1,서초구,1783411,926658,2091
2021,2,서초구,1797521,934041,2092
2021,3,서초구,1807781,937288,2094
2021,4,서초구,1818192,939630,2095
2021,5,서초구,1834199,939726,2095
2021,6,서초구,1873390,977356,2101
2021,7,서초구,1983714,1081912,1860
2021,8,서초구,2006381,1092018,1868
2021,9,서초구,2035696,1104106,1885
2021,10,서초구,2060762,1111128,1900
2021,11,서초구,2084527,1116791,1914
2021,12,서초구,2094883,1119795,1913
2022,1,서초구,2096275,1120088,1926
2022,2,서초구,2096253,1119568,1934
2022,3,서초구,2097930,1120311,1945
2022,4,서초구,2102201,1119956,1938
2022,5,서초구,2070784,1139161,1954
2022,6,서초구,2073128,1140253,1956
2022,7,서초구,2075300,1139832,1957
2022,8,서초구,2073652,1137810,1947
2022,9,서초구,2068883,1132832,1946
2022,10,서초구,2055557,1117440,1945
2022,11,서초구,2032095,1079960,1937
2022,12,서초구,1998300,1027040,1862
2023,1,서초구,1974637,989396,1882
2023,2,서초구,1963183,960842,1870
2023,3,서초구,1962388,948322,1857
2023,4,서초구,1964714,939780,1850
2023,5,서초구,1981495,936381,1875
2023,6,서초구,1995271,934531,1906
2023,7,서초구,2001502,935729,1906
2023,8,서초구,2010476,937648,1921
2023,9,서초구,2020209,940696,1928
2023,10,서초구,2025099,944722,1944
2023,11,서초구,2023223,949147,1950
2023,12,서초구,2019344,953989,1957
2024,1,서초구,2018158,958237,1964
2024,2,서초구,2014399,959464,1968
2024,3,서초구,2015723,962831,1975
2018,1,강남구,1418398,766839,1736
2018,2,강남구,1454511,767108,1738
2018,3,강남구,1466210,764210,1735
2018,4,강남구,1466237,757892,1725
2018,5,강남구,1463059,746274,1709
2018,6,강남구,1455855,740091,1706
2018,7,강남구,1449339,737296,1706
2018,8,강남구,1460570,738247,1707
2018,9,강남구,1495366,745129,1712
2018,10,강남구,1501737,746876,1718
2018,11,강남구,1502559,749833,1718
2018,12,강남구,1493269,747688,1715
2019,1,강남구,1617961,766421,1797
2019,2,강남구,1600129,752135,1775
2019,3,강남구,1586730,739404,1761
2019,4,강남구,1582011,734933,1750
2019,5,강남구,1580775,733927,1751
2019,6,강남구,1581596,734034,1752
2019,7,강남구,1584787,735169,1758
2019,8,강남구,1589466,737006,1760
2019,9,강남구,1593747,739034,1762
2019,10,강남구,1611242,742275,1765
2019,11,강남구,1630096,747393,1783
2019,12,강남구,1678062,757551,1796
2020,1,강남구,1758527,769973,1809
2020,2,강남구,1755204,772140,1809
2020,3,강남구,1749409,774435,1811
2020,4,강남구,1732086,776656,1812
2020,5,강남구,1714102,777645,1812
2020,6,강남구,1714914,779565,1813
2020,7,강남구,1731527,785301,1816
2020,8,강남구,1738333,792038,1817
2020,9,강남구,1741538,797349,1820
2020,10,강남구,1742161,801285,1823
2020,11,강남구,1742968,812801,1832
2020,12,강남구,1748478,823027,1840
2021,1,강남구,1757349,832344,1850
2021,2,강남구,1768618,840016,1858
2021,3,강남구,1760156,852043,1877
2021,4,강남구,1772882,852091,1877
2021,5,강남구,1789457,852102,1877
2021,6,강남구,1818801,856366,1880
2021,7,강남구,2196672,1131300,2418
2021,8,강남구,2218407,1139405,2421
2021,9,강남구,2249256,1148018,2439
2021,10,강남구,2275295,1156946,2448
2021,11,강남구,2292907,1162847,2465
2021,12,강남구,2304003,1166855,2477
2022,1,강남구,2305732,1168145,2495
2022,2,강남구,2304587,1167557,2490
2022,3,강남구,2305295,1167515,2496
2022,4,강남구,2309428,1166783,2499
2022,5,강남구,2311539,1166898,2502
2022,6,강남구,2312319,1168277,2502
2022,7,강남구,2311575,1168554,2509
2022,8,강남구,2308410,1166042,2512
2022,9,강남구,2299081,1159307,2515
2022,10,강남구,2277322,1146428,2513
2022,11,강남구,2243753,1120367,2511
2022,12,강남구,2204575,1070078,2477
2023,1,강남구,2150633,1017777,2493
2023,2,강남구,2134133,971807,2454
2023,3,강남구,2125542,946163,2420
2023,4,강남구,2125042,939542,2412
2023,5,강남구,2136443,945407,2407
2023,6,강남구,2152892,948852,2409
2023,7,강남구,2167105,950639,2413
2023,8,강남구,2184367,954949,2418
2023,9,강남구,2199452,960431,2423
2023,10,강남구,2207880,963289,2424
2023,11,강남구,2207111,966898,2428
2023,12,강남구,2203566,968861,2429
2024,1,강남구,2212518,982551,2446
2024,2,강남구,2209810,981696,2447
2024,3,강남구,2209429,982670,2450
2018,1,송파구,1032208,563007,1201
2018,2,송파구,1056965,560431,1200
2018,3,송파구,1068264,554688,1204
2018,4,송파구,1067938,548486,1196
2018,5,송파구,1063993,540854,1192
2018,6,송파구,1056972,534222,1186
2018,7,송파구,1052486,531535,1183
2018,8,송파구,1062549,533354,1182
2018,9,송파구,1077813,542111,1169
2018,10,송파구,1083326,543583,1169
2018,11,송파구,1070514,543792,1171
2018,12,송파구,1063479,540965,1170
2019,1,송파구,1113576,538142,1227
2019,2,송파구,1107382,531299,1223
2019,3,송파구,1100618,529035,1220
2019,4,송파구,1098257,530521,1219
2019,5,송파구,1098146,532056,1219
2019,6,송파구,1099660,532951,1219
2019,7,송파구,1102847,533368,1219
2019,8,송파구,1104521,533826,1219
2019,9,송파구,1106472,534181,1220
2019,10,송파구,1118417,537972,1220
2019,11,송파구,1130090,541111,1220
2019,12,송파구,1166361,548201,1228
2020,1,송파구,1256877,564010,1256
2020,2,송파구,1251701,566679,1262
2020,3,송파구,1245727,566834,1263
2020,4,송파구,1235416,565818,1267
2020,5,송파구,1234545,570890,1272
2020,6,송파구,1240305,575117,1273
2020,7,송파구,1260838,579416,1273
2020,8,송파구,1265377,586656,1275
2020,9,송파구,1266416,592643,1276
2020,10,송파구,1266792,596221,1279
2020,11,송파구,1267214,605844,1285
2020,12,송파구,1270682,614435,1295
2021,1,송파구,1279766,621734,1300
2021,2,송파구,1292870,625357,1301
2021,3,송파구,1301260,628019,1301
2021,4,송파구,1310260,628221,1301
2021,5,송파구,1321318,628974,1302
2021,6,송파구,1341981,637903,1302
2021,7,송파구,1606536,828310,1462
2021,8,송파구,1625248,835523,1471
2021,9,송파구,1648966,840783,1480
2021,10,송파구,1670424,847368,1497
2021,11,송파구,1684514,850433,1505
2021,12,송파구,1690684,852285,1517
2022,1,송파구,1691359,852381,1520
2022,2,송파구,1689712,851409,1521
2022,3,송파구,1689183,850201,1521
2022,4,송파구,1689046,849594,1520
2022,5,송파구,1688316,849520,1518
2022,6,송파구,1686892,849133,1519
2022,7,송파구,1683774,848378,1519
2022,8,송파구,1675170,844573,1522
2022,9,송파구,1656180,831372,1523
2022,10,송파구,1620155,803492,1523
2022,11,송파구,1575350,773074,1518
2022,12,송파구,1521594,732214,1464
2023,1,송파구,1515872,709826,1480
2023,2,송파구,1510180,687692,1467
2023,3,송파구,1513466,673994,1449
2023,4,송파구,1513503,674640,1454
2023,5,송파구,1531659,683491,1473
2023,6,송파구,1555695,690415,1487
2023,7,송파구,1572945,696570,1479
2023,8,송파구,1600168,707338,1482
2023,9,송파구,1617838,715784,1479
2023,10,송파구,1626015,722927,1476
2023,11,송파구,1629671,732966,1473
2023,12,송파구,1627241,738040,1471
2024,1,송파구,1616471,741256,1482
2024,2,송파구,1617309,739332,1480
2024,3,송파구,1621750,739041,1483
2018,1,강동구,572700,407187,937
2018,2,강동구,594793,408713,937
2018,3,강동구,602720,405307,936
2018,4,강동구,604327,401333,932
2018,5,강동구,603973,398607,930
2018,6,강동구,605960,397960,930
2018,7,강동구,607187,398860,934
2018,8,강동구,611693,401473,934
2018,9,강동구,635327,403827,940
2018,10,강동구,640220,405047,940
2018,11,강동구,640713,404807,941
2018,12,강동구,639167,401633,939
2019,1,강동구,735167,413635,961
2019,2,강동구,728643,406016,963
2019,3,강동구,721690,401310,962
2019,4,강동구,713683,396690,962
2019,5,강동구,706183,392659,960
2019,6,강동구,703675,390516,959
2019,7,강동구,702968,388992,958
2019,8,강동구,703944,388984,958
2019,9,강동구,705429,389214,959
2019,10,강동구,711976,389103,959
2019,11,강동구,719000,389135,959
2019,12,강동구,740921,393579,964
2020,1,강동구,787716,398940,971
2020,2,강동구,787881,398866,970
2020,3,강동구,788179,399269,970
2020,4,강동구,787343,399821,986
2020,5,강동구,785164,400388,986
2020,6,강동구,784776,401560,986
2020,7,강동구,796149,405500,989
2020,8,강동구,798575,411284,991
2020,9,강동구,800418,414858,966
2020,10,강동구,800806,417388,955
2020,11,강동구,801209,423470,943
2020,12,강동구,803306,430209,948
2021,1,강동구,807813,435164,952
2021,2,강동구,813870,439261,956
2021,3,강동구,817990,441082,958
2021,4,강동구,821482,440858,958
2021,5,강동구,825448,440627,958
2021,6,강동구,835836,444560,960
2021,7,강동구,988594,570056,1026
2021,8,강동구,997388,574819,1034
2021,9,강동구,1008121,579413,1048
2021,10,강동구,1017067,583904,1058
2021,11,강동구,1023500,587386,1067
2021,12,강동구,1026442,588868,1069
2022,1,강동구,1026094,588864,1070
2022,2,강동구,1024893,588346,1069
2022,3,강동구,1024241,587913,1068
2022,4,강동구,1024603,587975,1069
2022,5,강동구,1024768,587935,1074
2022,6,강동구,1023576,587888,1072
2022,7,강동구,1022424,587364,1076
2022,8,강동구,1019768,586038,1077
2022,9,강동구,1012853,580520,1073
2022,10,강동구,997018,568051,1073
2022,11,강동구,968647,548730,1068
2022,12,강동구,939335,521470,1051
2023,1,강동구,912677,492546,1059
2023,2,강동구,898817,476743,1057
2023,3,강동구,898032,473785,1060
2023,4,강동구,897514,472875,1052
2023,5,강동구,900661,474524,1059
2023,6,강동구,903303,476209,1063
2023,7,강동구,908606,479763,1074
2023,8,강동구,918199,484229,1078
2023,9,강동구,926677,489237,1082
2023,10,강동구,933072,493468,1087
2023,11,강동구,937044,497520,1090
2023,12,강동구,936422,498874,1091
2024,1,강동구,930217,497144,1090
2024,2,강동구,928617,496658,1090
2024,3,강동구,928075,495919,1088